station,latitude,longitude,elevation,date,srad,tmax,tmin,rain,tav,amp,refht,wndht,par
UFGA,29.630,-82.370,10,1982-01-01,5.9,24.4,15.6,19.0,20.9,13.0,2.00,3.00,12.4
UFGA,29.630,-82.370,10,1982-01-02,7.0,22.2,15.0,0.0,20.9,13.0,2.00,3.00,14.2
UFGA,29.630,-82.370,10,1982-01-03,9.0,27.8,17.2,0.0,20.9,13.0,2.00,3.00,18.4
UFGA,29.630,-82.370,10,1982-01-04,3.1,26.1,15.0,9.4,20.9,13.0,2.00,3.00,6.4
UFGA,29.630,-82.370,10,1982-01-05,12.9,17.2,2.2,0.0,20.9,13.0,2.00,3.00,26.3
UFGA,29.630,-82.370,10,1982-01-06,11.4,25.0,4.4,0.0,20.9,13.0,2.00,3.00,22.2
UFGA,29.630,-82.370,10,1982-01-07,8.5,26.7,11.7,0.0,20.9,13.0,2.00,3.00,17.6
UFGA,29.630,-82.370,10,1982-01-08,3.0,22.8,14.4,5.3,20.9,13.0,2.00,3.00,6.6
UFGA,29.630,-82.370,10,1982-01-09,14.4,16.7,8.9,0.0,20.9,13.0,2.00,3.00,26.2
UFGA,29.630,-82.370,10,1982-01-10,12.0,14.4,1.1,0.0,20.9,13.0,2.00,3.00,22.4
UFGA,29.630,-82.370,10,1982-01-11,15.0,14.4,-6.7,0.0,20.9,13.0,2.00,3.00,26.4
UFGA,29.630,-82.370,10,1982-01-12,10.8,10.0,-7.8,0.0,20.9,13.0,2.00,3.00,20.6
UFGA,29.630,-82.370,10,1982-01-13,4.8,20.0,3.9,19.8,20.9,13.0,2.00,3.00,10.0
UFGA,29.630,-82.370,10,1982-01-14,6.2,18.9,6.1,81.0,20.9,13.0,2.00,3.00,12.4
UFGA,29.630,-82.370,10,1982-01-15,14.4,12.2,-3.3,0.0,20.9,13.0,2.00,3.00,26.8
UFGA,29.630,-82.370,10,1982-01-16,12.6,19.4,-1.7,0.0,20.9,13.0,2.00,3.00,24.3
UFGA,29.630,-82.370,10,1982-01-17,14.6,19.4,5.6,2.8,20.9,13.0,2.00,3.00,27.4
UFGA,29.630,-82.370,10,1982-01-18,11.2,20.6,1.1,0.0,20.9,13.0,2.00,3.00,22.1
UFGA,29.630,-82.370,10,1982-01-19,13.3,25.6,8.9,0.0,20.9,13.0,2.00,3.00,27.1
UFGA,29.630,-82.370,10,1982-01-20,13.4,27.8,8.3,0.0,20.9,13.0,2.00,3.00,26.6
UFGA,29.630,-82.370,10,1982-01-21,11.6,27.8,10.0,0.0,20.9,13.0,2.00,3.00,23.8
UFGA,29.630,-82.370,10,1982-01-22,10.7,25.6,12.2,0.0,20.9,13.0,2.00,3.00,21.9
UFGA,29.630,-82.370,10,1982-01-23,10.1,26.1,14.4,0.0,20.9,13.0,2.00,3.00,20.7
UFGA,29.630,-82.370,10,1982-01-24,12.9,23.9,10.0,0.0,20.9,13.0,2.00,3.00,26.3
UFGA,29.630,-82.370,10,1982-01-25,14.1,21.1,0.0,0.0,20.9,13.0,2.00,3.00,28.9
UFGA,29.630,-82.370,10,1982-01-26,14.2,20.0,4.4,0.0,20.9,13.0,2.00,3.00,29.0
UFGA,29.630,-82.370,10,1982-01-27,13.9,15.6,-1.1,0.0,20.9,13.0,2.00,3.00,28.5
UFGA,29.630,-82.370,10,1982-01-28,13.8,21.7,2.2,0.0,20.9,13.0,2.00,3.00,28.2
UFGA,29.630,-82.370,10,1982-01-29,13.3,22.2,3.3,0.0,20.9,13.0,2.00,3.00,27.3
UFGA,29.630,-82.370,10,1982-01-30,12.5,25.6,8.9,0.0,20.9,13.0,2.00,3.00,25.6
UFGA,29.630,-82.370,10,1982-01-31,12.6,28.9,13.3,0.0,20.9,13.0,2.00,3.00,25.7
UFGA,29.630,-82.370,10,1982-02-01,14.0,26.1,12.2,0.3,20.9,13.0,2.00,3.00,28.6
UFGA,29.630,-82.370,10,1982-02-02,7.6,26.7,12.8,2.0,20.9,13.0,2.00,3.00,15.6
UFGA,29.630,-82.370,10,1982-02-03,3.3,27.2,15.6,25.9,20.9,13.0,2.00,3.00,6.7
UFGA,29.630,-82.370,10,1982-02-04,12.5,24.4,14.4,1.0,20.9,13.0,2.00,3.00,25.5
UFGA,29.630,-82.370,10,1982-02-05,8.5,27.8,14.4,0.0,20.9,13.0,2.00,3.00,17.4
UFGA,29.630,-82.370,10,1982-02-06,6.3,26.7,17.2,0.0,20.9,13.0,2.00,3.00,12.9
UFGA,29.630,-82.370,10,1982-02-07,8.0,26.7,10.6,0.0,20.9,13.0,2.00,3.00,16.3
UFGA,29.630,-82.370,10,1982-02-08,12.5,25.0,10.0,0.0,20.9,13.0,2.00,3.00,25.6
UFGA,29.630,-82.370,10,1982-02-09,7.9,26.7,16.1,0.0,20.9,13.0,2.00,3.00,16.1
UFGA,29.630,-82.370,10,1982-02-10,4.0,25.6,14.4,0.8,20.9,13.0,2.00,3.00,8.2
UFGA,29.630,-82.370,10,1982-02-11,6.5,18.9,12.8,0.0,20.9,13.0,2.00,3.00,13.3
UFGA,29.630,-82.370,10,1982-02-12,7.4,25.0,10.6,0.8,20.9,13.0,2.00,3.00,15.1
UFGA,29.630,-82.370,10,1982-02-13,13.3,25.6,10.6,18.0,20.9,13.0,2.00,3.00,27.2
UFGA,29.630,-82.370,10,1982-02-14,16.1,26.1,5.6,0.0,20.9,13.0,2.00,3.00,32.9
UFGA,29.630,-82.370,10,1982-02-15,9.6,26.7,13.3,0.0,20.9,13.0,2.00,3.00,19.6
UFGA,29.630,-82.370,10,1982-02-16,10.8,27.8,16.1,67.3,20.9,13.0,2.00,3.00,22.1
UFGA,29.630,-82.370,10,1982-02-17,13.4,27.2,14.4,10.9,20.9,13.0,2.00,3.00,27.4
UFGA,29.630,-82.370,10,1982-02-18,17.0,26.1,11.1,0.0,20.9,13.0,2.00,3.00,34.8
UFGA,29.630,-82.370,10,1982-02-19,15.5,25.6,12.2,0.0,20.9,13.0,2.00,3.00,31.7
UFGA,29.630,-82.370,10,1982-02-20,16.9,25.6,10.0,0.0,20.9,13.0,2.00,3.00,34.6
UFGA,29.630,-82.370,10,1982-02-21,16.6,24.4,9.4,0.0,20.9,13.0,2.00,3.00,33.9
UFGA,29.630,-82.370,10,1982-02-22,17.0,21.1,7.8,0.0,20.9,13.0,2.00,3.00,34.8
UFGA,29.630,-82.370,10,1982-02-23,17.7,23.9,1.1,0.0,20.9,13.0,2.00,3.00,36.2
UFGA,29.630,-82.370,10,1982-02-24,17.5,26.7,3.3,0.0,20.9,13.0,2.00,3.00,35.7
UFGA,29.630,-82.370,10,1982-02-25,14.8,27.2,10.6,0.0,20.9,13.0,2.00,3.00,30.3
UFGA,29.630,-82.370,10,1982-02-26,3.4,26.7,11.1,0.0,20.9,13.0,2.00,3.00,6.9
UFGA,29.630,-82.370,10,1982-02-27,8.9,25.6,8.9,0.0,20.9,13.0,2.00,3.00,18.2
UFGA,29.630,-82.370,10,1982-02-28,9.3,24.4,15.6,0.0,20.9,13.0,2.00,3.00,19.1
UFGA,29.630,-82.370,10,1982-03-01,10.9,17.8,8.3,0.0,20.9,13.0,2.00,3.00,22.2
UFGA,29.630,-82.370,10,1982-03-02,18.4,22.8,1.7,0.0,20.9,13.0,2.00,3.00,37.7
UFGA,29.630,-82.370,10,1982-03-03,17.6,25.0,6.1,0.0,20.9,13.0,2.00,3.00,36.0
UFGA,29.630,-82.370,10,1982-03-04,16.2,28.3,9.4,0.0,20.9,13.0,2.00,3.00,33.1
UFGA,29.630,-82.370,10,1982-03-05,6.3,27.8,16.1,8.4,20.9,13.0,2.00,3.00,12.9
UFGA,29.630,-82.370,10,1982-03-06,10.3,25.0,16.1,35.1,20.9,13.0,2.00,3.00,21.1
UFGA,29.630,-82.370,10,1982-03-07,9.0,24.4,15.0,14.2,20.9,13.0,2.00,3.00,18.4
UFGA,29.630,-82.370,10,1982-03-08,19.8,16.7,1.1,0.0,20.9,13.0,2.00,3.00,40.4
UFGA,29.630,-82.370,10,1982-03-09,19.6,21.7,3.9,0.0,20.9,13.0,2.00,3.00,40.0
UFGA,29.630,-82.370,10,1982-03-10,16.1,25.6,10.6,0.0,20.9,13.0,2.00,3.00,32.9
UFGA,29.630,-82.370,10,1982-03-11,17.7,27.8,9.4,0.0,20.9,13.0,2.00,3.00,36.2
UFGA,29.630,-82.370,10,1982-03-12,20.0,28.9,11.1,0.0,20.9,13.0,2.00,3.00,41.0
UFGA,29.630,-82.370,10,1982-03-13,19.0,30.6,10.0,0.0,20.9,13.0,2.00,3.00,38.8
UFGA,29.630,-82.370,10,1982-03-14,18.4,31.7,15.6,0.0,20.9,13.0,2.00,3.00,37.6
UFGA,29.630,-82.370,10,1982-03-15,17.5,30.0,16.7,0.0,20.9,13.0,2.00,3.00,35.7
UFGA,29.630,-82.370,10,1982-03-16,15.9,30.0,16.1,0.0,20.9,13.0,2.00,3.00,32.5
UFGA,29.630,-82.370,10,1982-03-17,19.5,30.6,15.6,0.0,20.9,13.0,2.00,3.00,39.9
UFGA,29.630,-82.370,10,1982-03-18,17.4,31.7,17.2,0.0,20.9,13.0,2.00,3.00,35.6
UFGA,29.630,-82.370,10,1982-03-19,16.7,30.6,18.3,1.8,20.9,13.0,2.00,3.00,34.2
UFGA,29.630,-82.370,10,1982-03-20,17.4,30.6,18.9,0.0,20.9,13.0,2.00,3.00,35.6
UFGA,29.630,-82.370,10,1982-03-21,13.6,30.0,15.6,0.0,20.9,13.0,2.00,3.00,27.8
UFGA,29.630,-82.370,10,1982-03-22,10.0,28.3,17.2,0.3,20.9,13.0,2.00,3.00,20.5
UFGA,29.630,-82.370,10,1982-03-23,13.2,26.1,16.1,9.4,20.9,13.0,2.00,3.00,27.0
UFGA,29.630,-82.370,10,1982-03-24,4.3,26.1,16.1,4.3,20.9,13.0,2.00,3.00,8.8
UFGA,29.630,-82.370,10,1982-03-25,17.0,27.8,16.1,26.2,20.9,13.0,2.00,3.00,34.8
UFGA,29.630,-82.370,10,1982-03-26,18.8,26.7,14.4,2.8,20.9,13.0,2.00,3.00,38.4
UFGA,29.630,-82.370,10,1982-03-27,12.9,22.2,5.6,0.0,20.9,13.0,2.00,3.00,26.3
UFGA,29.630,-82.370,10,1982-03-28,3.8,15.6,8.9,9.7,20.9,13.0,2.00,3.00,7.7
UFGA,29.630,-82.370,10,1982-03-29,9.9,21.1,10.0,25.7,20.9,13.0,2.00,3.00,20.3
UFGA,29.630,-82.370,10,1982-03-30,21.5,26.1,13.3,0.0,20.9,13.0,2.00,3.00,44.0
UFGA,29.630,-82.370,10,1982-03-31,16.1,26.7,14.4,0.0,20.9,13.0,2.00,3.00,33.0
UFGA,29.630,-82.370,10,1982-04-01,21.0,30.6,12.8,0.0,20.9,13.0,2.00,3.00,42.6
UFGA,29.630,-82.370,10,1982-04-02,22.1,29.4,14.4,0.0,20.9,13.0,2.00,3.00,44.4
UFGA,29.630,-82.370,10,1982-04-03,11.4,28.9,17.8,0.0,20.9,13.0,2.00,3.00,23.5
UFGA,29.630,-82.370,10,1982-04-04,23.8,28.3,9.4,0.0,20.9,13.0,2.00,3.00,45.3
UFGA,29.630,-82.370,10,1982-04-05,18.9,29.4,11.1,0.0,20.9,13.0,2.00,3.00,37.6
UFGA,29.630,-82.370,10,1982-04-06,24.1,25.6,17.2,0.0,20.9,13.0,2.00,3.00,46.0
UFGA,29.630,-82.370,10,1982-04-07,25.1,22.2,6.7,0.0,20.9,13.0,2.00,3.00,48.1
UFGA,29.630,-82.370,10,1982-04-08,0.8,21.1,11.1,48.0,20.9,13.0,2.00,3.00,2.2
UFGA,29.630,-82.370,10,1982-04-09,8.8,23.3,17.2,98.8,20.9,13.0,2.00,3.00,18.0
UFGA,29.630,-82.370,10,1982-04-10,3.8,23.9,10.6,3.6,20.9,13.0,2.00,3.00,8.4
UFGA,29.630,-82.370,10,1982-04-11,23.0,20.6,8.9,42.7,20.9,13.0,2.00,3.00,43.6
UFGA,29.630,-82.370,10,1982-04-12,25.4,25.0,6.1,0.0,20.9,13.0,2.00,3.00,48.6
UFGA,29.630,-82.370,10,1982-04-13,21.6,28.3,11.7,0.0,20.9,13.0,2.00,3.00,42.6
UFGA,29.630,-82.370,10,1982-04-14,21.6,27.2,15.0,0.0,20.9,13.0,2.00,3.00,42.1
UFGA,29.630,-82.370,10,1982-04-15,16.6,28.3,15.0,0.0,20.9,13.0,2.00,3.00,32.9
UFGA,29.630,-82.370,10,1982-04-16,20.7,30.6,17.8,0.0,20.9,13.0,2.00,3.00,40.8
UFGA,29.630,-82.370,10,1982-04-17,21.0,31.1,19.4,0.5,20.9,13.0,2.00,3.00,41.6
UFGA,29.630,-82.370,10,1982-04-18,18.9,30.0,18.9,0.5,20.9,13.0,2.00,3.00,37.1
UFGA,29.630,-82.370,10,1982-04-19,21.6,30.0,15.0,0.0,20.9,13.0,2.00,3.00,42.8
UFGA,29.630,-82.370,10,1982-04-20,20.7,31.1,18.9,0.0,20.9,13.0,2.00,3.00,40.8
UFGA,29.630,-82.370,10,1982-04-21,24.3,32.2,17.2,0.0,20.9,13.0,2.00,3.00,48.3
UFGA,29.630,-82.370,10,1982-04-22,23.7,31.7,17.8,0.0,20.9,13.0,2.00,3.00,46.7
UFGA,29.630,-82.370,10,1982-04-23,8.6,31.1,15.6,0.0,20.9,13.0,2.00,3.00,18.1
UFGA,29.630,-82.370,10,1982-04-24,7.5,22.2,13.9,0.0,20.9,13.0,2.00,3.00,16.0
UFGA,29.630,-82.370,10,1982-04-25,7.7,25.6,16.7,4.3,20.9,13.0,2.00,3.00,16.5
UFGA,29.630,-82.370,10,1982-04-26,10.7,25.6,19.4,23.1,20.9,13.0,2.00,3.00,22.6
UFGA,29.630,-82.370,10,1982-04-27,23.4,29.4,15.6,0.3,20.9,13.0,2.00,3.00,46.4
UFGA,29.630,-82.370,10,1982-04-28,23.7,28.9,13.3,0.0,20.9,13.0,2.00,3.00,46.2
UFGA,29.630,-82.370,10,1982-04-29,18.5,27.2,14.4,0.0,20.9,13.0,2.00,3.00,36.4
UFGA,29.630,-82.370,10,1982-04-30,20.7,26.7,15.6,0.0,20.9,13.0,2.00,3.00,41.1
UFGA,29.630,-82.370,10,1982-05-01,18.2,26.7,15.6,0.0,20.9,13.0,2.00,3.00,36.3
UFGA,29.630,-82.370,10,1982-05-02,19.9,27.8,15.0,0.0,20.9,13.0,2.00,3.00,39.6
UFGA,29.630,-82.370,10,1982-05-03,21.8,28.9,15.0,0.0,20.9,13.0,2.00,3.00,43.2
UFGA,29.630,-82.370,10,1982-05-04,23.6,28.9,12.8,0.0,20.9,13.0,2.00,3.00,46.2
UFGA,29.630,-82.370,10,1982-05-05,24.4,28.3,14.4,0.0,20.9,13.0,2.00,3.00,47.0
UFGA,29.630,-82.370,10,1982-05-06,21.7,27.8,12.2,0.0,20.9,13.0,2.00,3.00,42.2
UFGA,29.630,-82.370,10,1982-05-07,23.6,28.9,11.7,0.0,20.9,13.0,2.00,3.00,45.8
UFGA,29.630,-82.370,10,1982-05-08,18.2,29.4,17.8,1.0,20.9,13.0,2.00,3.00,35.9
UFGA,29.630,-82.370,10,1982-05-09,26.3,29.4,15.0,0.0,20.9,13.0,2.00,3.00,51.2
UFGA,29.630,-82.370,10,1982-05-10,26.3,29.4,13.3,0.0,20.9,13.0,2.00,3.00,50.3
UFGA,29.630,-82.370,10,1982-05-11,24.9,30.0,11.1,0.0,20.9,13.0,2.00,3.00,48.3
UFGA,29.630,-82.370,10,1982-05-12,23.5,31.1,13.3,0.0,20.9,13.0,2.00,3.00,46.3
UFGA,29.630,-82.370,10,1982-05-13,24.2,30.6,13.3,0.0,20.9,13.0,2.00,3.00,47.6
UFGA,29.630,-82.370,10,1982-05-14,26.7,31.1,12.8,0.0,20.9,13.0,2.00,3.00,52.5
UFGA,29.630,-82.370,10,1982-05-15,23.9,32.2,15.6,0.0,20.9,13.0,2.00,3.00,46.9
UFGA,29.630,-82.370,10,1982-05-16,22.8,33.3,15.6,0.0,20.9,13.0,2.00,3.00,44.7
UFGA,29.630,-82.370,10,1982-05-17,22.7,32.8,15.6,0.0,20.9,13.0,2.00,3.00,44.6
UFGA,29.630,-82.370,10,1982-05-18,21.5,31.1,16.7,0.0,20.9,13.0,2.00,3.00,42.7
UFGA,29.630,-82.370,10,1982-05-19,22.4,30.6,16.7,0.0,20.9,13.0,2.00,3.00,45.1
UFGA,29.630,-82.370,10,1982-05-20,22.5,31.7,16.1,0.0,20.9,13.0,2.00,3.00,45.7
UFGA,29.630,-82.370,10,1982-05-21,22.6,32.2,16.1,0.0,20.9,13.0,2.00,3.00,46.2
UFGA,29.630,-82.370,10,1982-05-22,17.4,32.8,16.7,2.0,20.9,13.0,2.00,3.00,36.7
UFGA,29.630,-82.370,10,1982-05-23,13.2,33.3,20.0,35.1,20.9,13.0,2.00,3.00,27.0
UFGA,29.630,-82.370,10,1982-05-24,21.5,32.8,18.9,3.6,20.9,13.0,2.00,3.00,43.9
UFGA,29.630,-82.370,10,1982-05-25,20.3,32.8,20.0,2.5,20.9,13.0,2.00,3.00,42.1
UFGA,29.630,-82.370,10,1982-05-26,15.0,31.7,20.6,1.0,20.9,13.0,2.00,3.00,31.5
UFGA,29.630,-82.370,10,1982-05-27,18.2,32.2,21.1,0.0,20.9,13.0,2.00,3.00,37.5
UFGA,29.630,-82.370,10,1982-05-28,22.1,33.3,20.6,4.3,20.9,13.0,2.00,3.00,44.8
UFGA,29.630,-82.370,10,1982-05-29,19.3,34.4,22.2,0.0,20.9,13.0,2.00,3.00,39.5
UFGA,29.630,-82.370,10,1982-05-30,7.0,32.2,22.8,5.6,20.9,13.0,2.00,3.00,15.7
UFGA,29.630,-82.370,10,1982-05-31,11.8,30.0,20.6,23.9,20.9,13.0,2.00,3.00,24.7
UFGA,29.630,-82.370,10,1982-06-01,20.0,31.1,21.1,15.2,20.9,13.0,2.00,3.00,43.9
UFGA,29.630,-82.370,10,1982-06-02,24.9,33.3,20.0,0.0,20.9,13.0,2.00,3.00,53.5
UFGA,29.630,-82.370,10,1982-06-03,15.8,33.3,22.8,1.8,20.9,13.0,2.00,3.00,34.4
UFGA,29.630,-82.370,10,1982-06-04,21.6,33.3,22.2,0.0,20.9,13.0,2.00,3.00,47.5
UFGA,29.630,-82.370,10,1982-06-05,23.8,33.9,18.3,0.0,20.9,13.0,2.00,3.00,51.6
UFGA,29.630,-82.370,10,1982-06-06,26.5,34.4,18.3,0.0,20.9,13.0,2.00,3.00,56.3
UFGA,29.630,-82.370,10,1982-06-07,26.9,33.9,18.3,0.0,20.9,13.0,2.00,3.00,57.2
UFGA,29.630,-82.370,10,1982-06-08,26.3,34.4,17.2,0.0,20.9,13.0,2.00,3.00,56.3
UFGA,29.630,-82.370,10,1982-06-09,24.4,34.4,19.4,0.0,20.9,13.0,2.00,3.00,51.8
UFGA,29.630,-82.370,10,1982-06-10,25.5,34.4,21.1,0.0,20.9,13.0,2.00,3.00,54.7
UFGA,29.630,-82.370,10,1982-06-11,23.6,35.0,19.4,0.0,20.9,13.0,2.00,3.00,51.1
UFGA,29.630,-82.370,10,1982-06-12,15.2,31.1,20.0,50.8,20.9,13.0,2.00,3.00,33.4
UFGA,29.630,-82.370,10,1982-06-13,21.1,33.3,21.1,0.0,20.9,13.0,2.00,3.00,46.1
UFGA,29.630,-82.370,10,1982-06-14,25.5,33.3,18.3,0.0,20.9,13.0,2.00,3.00,55.7
UFGA,29.630,-82.370,10,1982-06-15,23.2,33.9,20.6,0.0,20.9,13.0,2.00,3.00,51.3
UFGA,29.630,-82.370,10,1982-06-16,25.5,33.9,22.2,0.0,20.9,13.0,2.00,3.00,56.1
UFGA,29.630,-82.370,10,1982-06-17,6.0,31.1,21.1,8.1,20.9,13.0,2.00,3.00,14.4
UFGA,29.630,-82.370,10,1982-06-18,13.5,27.8,21.1,70.1,20.9,13.0,2.00,3.00,30.0
UFGA,29.630,-82.370,10,1982-06-19,24.3,33.3,20.0,0.0,20.9,13.0,2.00,3.00,52.9
UFGA,29.630,-82.370,10,1982-06-20,25.9,33.9,21.1,0.0,20.9,13.0,2.00,3.00,56.2
UFGA,29.630,-82.370,10,1982-06-21,20.9,32.8,20.0,3.3,20.9,13.0,2.00,3.00,46.5
UFGA,29.630,-82.370,10,1982-06-22,18.5,28.3,23.3,2.0,20.9,13.0,2.00,3.00,40.3
UFGA,29.630,-82.370,10,1982-06-23,11.7,27.8,21.7,26.9,20.9,13.0,2.00,3.00,25.4
UFGA,29.630,-82.370,10,1982-06-24,18.6,30.6,22.2,6.4,20.9,13.0,2.00,3.00,39.9
UFGA,29.630,-82.370,10,1982-06-25,22.9,32.2,19.4,10.9,20.9,13.0,2.00,3.00,48.4
UFGA,29.630,-82.370,10,1982-06-26,10.5,31.7,21.7,23.4,20.9,13.0,2.00,3.00,23.3
UFGA,29.630,-82.370,10,1982-06-27,24.6,32.2,21.1,1.8,20.9,13.0,2.00,3.00,51.3
UFGA,29.630,-82.370,10,1982-06-28,24.6,32.8,21.7,0.0,20.9,13.0,2.00,3.00,52.4
UFGA,29.630,-82.370,10,1982-06-29,24.8,33.3,22.2,0.0,20.9,13.0,2.00,3.00,52.3
UFGA,29.630,-82.370,10,1982-06-30,16.0,32.8,22.8,1.3,20.9,13.0,2.00,3.00,34.3
UFGA,29.630,-82.370,10,1982-07-01,23.7,33.9,22.2,0.0,20.9,13.0,2.00,3.00,48.5
UFGA,29.630,-82.370,10,1982-07-02,18.7,33.9,23.9,0.0,20.9,13.0,2.00,3.00,38.2
UFGA,29.630,-82.370,10,1982-07-03,24.6,35.0,21.1,0.0,20.9,13.0,2.00,3.00,50.3
UFGA,29.630,-82.370,10,1982-07-04,21.1,35.0,22.2,0.0,20.9,13.0,2.00,3.00,43.1
UFGA,29.630,-82.370,10,1982-07-05,23.7,34.4,21.1,0.0,20.9,13.0,2.00,3.00,48.5
UFGA,29.630,-82.370,10,1982-07-06,19.0,32.2,20.6,4.1,20.9,13.0,2.00,3.00,38.9
UFGA,29.630,-82.370,10,1982-07-07,16.0,31.7,21.1,4.8,20.9,13.0,2.00,3.00,32.7
UFGA,29.630,-82.370,10,1982-07-08,19.8,32.2,21.1,1.3,20.9,13.0,2.00,3.00,40.5
UFGA,29.630,-82.370,10,1982-07-09,13.7,32.2,22.2,7.1,20.9,13.0,2.00,3.00,28.0
UFGA,29.630,-82.370,10,1982-07-10,17.4,32.8,21.7,1.3,20.9,13.0,2.00,3.00,35.6
UFGA,29.630,-82.370,10,1982-07-11,18.3,32.8,21.1,0.0,20.9,13.0,2.00,3.00,37.4
UFGA,29.630,-82.370,10,1982-07-12,21.0,32.8,21.1,2.3,20.9,13.0,2.00,3.00,43.0
UFGA,29.630,-82.370,10,1982-07-13,23.2,33.9,22.2,0.0,20.9,13.0,2.00,3.00,47.4
UFGA,29.630,-82.370,10,1982-07-14,25.4,34.4,22.2,0.0,20.9,13.0,2.00,3.00,51.9
UFGA,29.630,-82.370,10,1982-07-15,18.3,33.9,23.3,55.9,20.9,13.0,2.00,3.00,37.4
UFGA,29.630,-82.370,10,1982-07-16,14.9,32.8,22.8,1.0,20.9,13.0,2.00,3.00,30.5
UFGA,29.630,-82.370,10,1982-07-17,13.6,31.1,22.8,0.0,20.9,13.0,2.00,3.00,27.8
UFGA,29.630,-82.370,10,1982-07-18,14.3,32.2,22.8,2.5,20.9,13.0,2.00,3.00,29.2
UFGA,29.630,-82.370,10,1982-07-19,17.0,32.2,22.2,30.0,20.9,13.0,2.00,3.00,34.8
UFGA,29.630,-82.370,10,1982-07-20,10.9,31.1,21.7,20.8,20.9,13.0,2.00,3.00,22.3
UFGA,29.630,-82.370,10,1982-07-21,13.2,31.1,21.1,1.5,20.9,13.0,2.00,3.00,27.0
UFGA,29.630,-82.370,10,1982-07-22,17.9,31.1,22.2,0.3,20.9,13.0,2.00,3.00,36.6
UFGA,29.630,-82.370,10,1982-07-23,16.1,32.8,22.8,16.0,20.9,13.0,2.00,3.00,32.9
UFGA,29.630,-82.370,10,1982-07-24,18.4,32.2,21.7,4.1,20.9,13.0,2.00,3.00,37.6
UFGA,29.630,-82.370,10,1982-07-25,19.7,33.3,21.7,0.0,20.9,13.0,2.00,3.00,40.3
UFGA,29.630,-82.370,10,1982-07-26,19.4,33.9,22.2,0.8,20.9,13.0,2.00,3.00,39.7
UFGA,29.630,-82.370,10,1982-07-27,5.2,34.4,23.3,10.7,20.9,13.0,2.00,3.00,10.6
UFGA,29.630,-82.370,10,1982-07-28,9.5,27.8,22.8,7.4,20.9,13.0,2.00,3.00,19.4
UFGA,29.630,-82.370,10,1982-07-29,14.9,31.7,22.8,0.0,20.9,13.0,2.00,3.00,30.5
UFGA,29.630,-82.370,10,1982-07-30,19.4,32.8,21.7,0.0,20.9,13.0,2.00,3.00,39.7
UFGA,29.630,-82.370,10,1982-07-31,20.1,33.9,21.1,0.0,20.9,13.0,2.00,3.00,41.1
UFGA,29.630,-82.370,10,1982-08-01,23.5,33.9,23.3,0.0,20.9,13.0,2.00,3.00,48.1
UFGA,29.630,-82.370,10,1982-08-02,9.6,32.8,22.8,13.0,20.9,13.0,2.00,3.00,19.6
UFGA,29.630,-82.370,10,1982-08-03,22.5,32.2,22.8,20.1,20.9,13.0,2.00,3.00,46.0
UFGA,29.630,-82.370,10,1982-08-04,21.0,32.2,20.6,0.0,20.9,13.0,2.00,3.00,35.1
UFGA,29.630,-82.370,10,1982-08-05,14.7,32.2,21.7,0.0,20.9,13.0,2.00,3.00,25.2
UFGA,29.630,-82.370,10,1982-08-06,18.5,32.2,21.1,4.1,20.9,13.0,2.00,3.00,33.1
UFGA,29.630,-82.370,10,1982-08-07,23.0,33.9,21.7,0.3,20.9,13.0,2.00,3.00,40.6
UFGA,29.630,-82.370,10,1982-08-08,21.0,33.9,26.1,0.0,20.9,13.0,2.00,3.00,35.4
UFGA,29.630,-82.370,10,1982-08-09,17.1,32.8,22.8,1.3,20.9,13.0,2.00,3.00,28.4
UFGA,29.630,-82.370,10,1982-08-10,16.6,33.3,23.3,0.0,20.9,13.0,2.00,3.00,27.7
UFGA,29.630,-82.370,10,1982-08-11,25.6,33.3,18.9,0.0,20.9,13.0,2.00,3.00,42.7
UFGA,29.630,-82.370,10,1982-08-12,19.0,33.3,20.6,0.3,20.9,13.0,2.00,3.00,32.3
UFGA,29.630,-82.370,10,1982-08-13,16.1,32.2,20.6,0.8,20.9,13.0,2.00,3.00,28.5
UFGA,29.630,-82.370,10,1982-08-14,16.4,31.7,22.2,0.0,20.9,13.0,2.00,3.00,28.4
UFGA,29.630,-82.370,10,1982-08-15,20.3,35.0,20.6,0.8,20.9,13.0,2.00,3.00,30.4
UFGA,29.630,-82.370,10,1982-08-16,20.3,33.9,21.1,0.0,20.9,13.0,2.00,3.00,30.2
UFGA,29.630,-82.370,10,1982-08-17,19.0,32.2,22.2,13.7,20.9,13.0,2.00,3.00,28.9
UFGA,29.630,-82.370,10,1982-08-18,16.6,26.7,20.6,3.3,20.9,13.0,2.00,3.00,24.3
UFGA,29.630,-82.370,10,1982-08-19,7.9,28.3,21.7,20.3,20.9,13.0,2.00,3.00,11.2
UFGA,29.630,-82.370,10,1982-08-20,20.4,32.2,21.1,0.0,20.9,13.0,2.00,3.00,26.8
UFGA,29.630,-82.370,10,1982-08-21,11.8,32.2,21.7,5.1,20.9,13.0,2.00,3.00,16.2
UFGA,29.630,-82.370,10,1982-08-22,16.6,32.2,22.2,1.3,20.9,13.0,2.00,3.00,22.3
UFGA,29.630,-82.370,10,1982-08-23,15.2,31.7,22.2,64.5,20.9,13.0,2.00,3.00,20.9
UFGA,29.630,-82.370,10,1982-08-24,18.9,33.3,22.8,1.3,20.9,13.0,2.00,3.00,24.4
UFGA,29.630,-82.370,10,1982-08-25,18.8,33.3,22.2,0.0,20.9,13.0,2.00,3.00,24.6
UFGA,29.630,-82.370,10,1982-08-26,21.4,35.6,23.9,0.0,20.9,13.0,2.00,3.00,28.5
UFGA,29.630,-82.370,10,1982-08-27,11.0,35.6,22.8,3.6,20.9,13.0,2.00,3.00,15.2
UFGA,29.630,-82.370,10,1982-08-28,18.6,35.0,22.2,0.0,20.9,13.0,2.00,3.00,25.9
UFGA,29.630,-82.370,10,1982-08-29,15.8,35.0,22.2,3.6,20.9,13.0,2.00,3.00,22.3
UFGA,29.630,-82.370,10,1982-08-30,22.5,31.1,21.1,0.0,20.9,13.0,2.00,3.00,31.4
UFGA,29.630,-82.370,10,1982-08-31,21.1,32.2,20.6,0.0,20.9,13.0,2.00,3.00,30.4
UFGA,29.630,-82.370,10,1982-09-01,13.2,32.2,20.6,0.0,20.9,13.0,2.00,3.00,27.0
UFGA,29.630,-82.370,10,1982-09-02,15.6,33.3,18.3,0.0,20.9,13.0,2.00,3.00,32.0
UFGA,29.630,-82.370,10,1982-09-03,16.9,34.4,22.2,0.0,20.9,13.0,2.00,3.00,34.5
UFGA,29.630,-82.370,10,1982-09-04,17.0,34.4,22.2,0.0,20.9,13.0,2.00,3.00,34.7
UFGA,29.630,-82.370,10,1982-09-05,12.2,33.9,21.7,11.9,20.9,13.0,2.00,3.00,25.0
UFGA,29.630,-82.370,10,1982-09-06,9.0,34.4,21.1,2.0,20.9,13.0,2.00,3.00,18.5
UFGA,29.630,-82.370,10,1982-09-07,11.1,30.0,20.0,0.0,20.9,13.0,2.00,3.00,22.6
UFGA,29.630,-82.370,10,1982-09-08,9.6,30.6,20.6,19.0,20.9,13.0,2.00,3.00,19.6
UFGA,29.630,-82.370,10,1982-09-09,7.1,30.0,21.1,39.9,20.9,13.0,2.00,3.00,14.5
UFGA,29.630,-82.370,10,1982-09-10,5.5,30.0,21.1,24.1,20.9,13.0,2.00,3.00,11.3
UFGA,29.630,-82.370,10,1982-09-11,13.4,32.8,21.7,7.6,20.9,13.0,2.00,3.00,27.4
UFGA,29.630,-82.370,10,1982-09-12,14.6,33.3,22.8,0.0,20.9,13.0,2.00,3.00,29.8
UFGA,29.630,-82.370,10,1982-09-13,14.5,33.3,22.8,2.5,20.9,13.0,2.00,3.00,29.7
UFGA,29.630,-82.370,10,1982-09-14,12.3,32.8,22.2,1.8,20.9,13.0,2.00,3.00,25.1
UFGA,29.630,-82.370,10,1982-09-15,13.0,32.2,19.4,0.0,20.9,13.0,2.00,3.00,26.5
UFGA,29.630,-82.370,10,1982-09-16,12.6,32.8,21.7,0.0,20.9,13.0,2.00,3.00,25.8
UFGA,29.630,-82.370,10,1982-09-17,13.9,32.8,21.7,0.0,20.9,13.0,2.00,3.00,28.4
UFGA,29.630,-82.370,10,1982-09-18,12.2,32.8,21.1,0.0,20.9,13.0,2.00,3.00,24.9
UFGA,29.630,-82.370,10,1982-09-19,12.2,32.8,21.1,15.7,20.9,13.0,2.00,3.00,25.0
UFGA,29.630,-82.370,10,1982-09-20,11.1,31.7,21.1,7.4,20.9,13.0,2.00,3.00,22.8
UFGA,29.630,-82.370,10,1982-09-21,5.2,29.4,21.1,12.7,20.9,13.0,2.00,3.00,10.7
UFGA,29.630,-82.370,10,1982-09-22,11.4,27.8,19.4,0.0,20.9,13.0,2.00,3.00,23.4
UFGA,29.630,-82.370,10,1982-09-23,8.9,27.2,15.0,0.0,20.9,13.0,2.00,3.00,18.2
UFGA,29.630,-82.370,10,1982-09-24,11.2,30.0,17.8,0.0,20.9,13.0,2.00,3.00,23.0
UFGA,29.630,-82.370,10,1982-09-25,5.0,28.9,20.0,8.9,20.9,13.0,2.00,3.00,10.3
UFGA,29.630,-82.370,10,1982-09-26,7.6,25.0,16.7,24.1,20.9,13.0,2.00,3.00,15.5
UFGA,29.630,-82.370,10,1982-09-27,15.6,28.9,14.4,0.0,20.9,13.0,2.00,3.00,32.0
UFGA,29.630,-82.370,10,1982-09-28,13.9,29.4,16.7,0.0,20.9,13.0,2.00,3.00,28.4
UFGA,29.630,-82.370,10,1982-09-29,12.1,29.4,18.3,0.0,20.9,13.0,2.00,3.00,24.8
UFGA,29.630,-82.370,10,1982-09-30,6.7,28.9,21.1,2.5,20.9,13.0,2.00,3.00,13.8
UFGA,29.630,-82.370,10,1982-10-01,8.0,26.7,21.7,0.0,20.9,13.0,2.00,3.00,12.0
UFGA,29.630,-82.370,10,1982-10-02,10.0,28.3,19.4,0.0,20.9,13.0,2.00,3.00,15.0
UFGA,29.630,-82.370,10,1982-10-03,19.0,30.0,18.3,0.0,20.9,13.0,2.00,3.00,28.0
UFGA,29.630,-82.370,10,1982-10-04,16.0,31.7,20.6,0.0,20.9,13.0,2.00,3.00,25.0
UFGA,29.630,-82.370,10,1982-10-05,9.0,31.1,22.8,0.0,20.9,13.0,2.00,3.00,14.0
UFGA,29.630,-82.370,10,1982-10-06,16.0,31.1,21.7,13.0,20.9,13.0,2.00,3.00,26.0
UFGA,29.630,-82.370,10,1982-10-07,13.0,30.0,21.1,0.0,20.9,13.0,2.00,3.00,31.0
UFGA,29.630,-82.370,10,1982-10-08,17.0,31.7,17.2,0.0,20.9,13.0,2.00,3.00,41.0
UFGA,29.630,-82.370,10,1982-10-09,15.0,31.7,18.9,0.0,20.9,13.0,2.00,3.00,37.0
UFGA,29.630,-82.370,10,1982-10-10,15.0,32.8,20.0,0.0,20.9,13.0,2.00,3.00,37.0
UFGA,29.630,-82.370,10,1982-10-11,13.0,32.2,21.7,0.0,20.9,13.0,2.00,3.00,32.0
UFGA,29.630,-82.370,10,1982-10-12,11.0,29.4,21.7,0.0,20.9,13.0,2.00,3.00,28.0
UFGA,29.630,-82.370,10,1982-10-13,14.0,30.6,18.9,0.0,20.9,13.0,2.00,3.00,34.0
UFGA,29.630,-82.370,10,1982-10-14,10.0,28.9,16.7,0.0,20.9,13.0,2.00,3.00,24.0
UFGA,29.630,-82.370,10,1982-10-15,15.0,27.8,11.7,0.0,20.9,13.0,2.00,3.00,35.0
UFGA,29.630,-82.370,10,1982-10-16,9.0,26.1,10.0,0.0,20.9,13.0,2.00,3.00,22.0
UFGA,29.630,-82.370,10,1982-10-17,14.0,26.7,13.3,0.0,20.9,13.0,2.00,3.00,32.0
UFGA,29.630,-82.370,10,1982-10-18,6.0,25.6,15.0,0.0,20.9,13.0,2.00,3.00,14.0
UFGA,29.630,-82.370,10,1982-10-19,14.0,28.3,16.1,0.0,20.9,13.0,2.00,3.00,33.0
UFGA,29.630,-82.370,10,1982-10-20,13.0,30.0,16.7,0.0,20.9,13.0,2.00,3.00,30.0
UFGA,29.630,-82.370,10,1982-10-21,14.0,30.0,15.0,0.0,20.9,13.0,2.00,3.00,32.0
UFGA,29.630,-82.370,10,1982-10-22,11.0,29.4,16.1,0.0,20.9,13.0,2.00,3.00,27.0
UFGA,29.630,-82.370,10,1982-10-23,2.0,27.8,14.4,16.5,20.9,13.0,2.00,3.00,5.0
UFGA,29.630,-82.370,10,1982-10-24,14.0,18.9,8.9,1.3,20.9,13.0,2.00,3.00,31.0
UFGA,29.630,-82.370,10,1982-10-25,16.0,20.6,5.6,0.0,20.9,13.0,2.00,3.00,35.0
UFGA,29.630,-82.370,10,1982-10-26,15.0,22.8,6.1,0.0,20.9,13.0,2.00,3.00,34.0
UFGA,29.630,-82.370,10,1982-10-27,15.0,23.9,7.2,0.0,20.9,13.0,2.00,3.00,34.0
UFGA,29.630,-82.370,10,1982-10-28,14.0,25.6,11.7,0.0,20.9,13.0,2.00,3.00,31.0
UFGA,29.630,-82.370,10,1982-10-29,14.0,27.8,13.3,0.0,20.9,13.0,2.00,3.00,33.0
UFGA,29.630,-82.370,10,1982-10-30,9.0,27.8,16.1,0.0,20.9,13.0,2.00,3.00,21.0
UFGA,29.630,-82.370,10,1982-10-31,7.0,27.8,18.9,0.0,20.9,13.0,2.00,3.00,18.0
UFGA,29.630,-82.370,10,1982-11-01,11.0,29.4,20.0,0.3,20.9,13.0,2.00,3.00,22.0
UFGA,29.630,-82.370,10,1982-11-02,9.0,29.4,20.6,0.0,20.9,13.0,2.00,3.00,17.0
UFGA,29.630,-82.370,10,1982-11-03,9.0,28.9,19.4,21.6,20.9,13.0,2.00,3.00,19.0
UFGA,29.630,-82.370,10,1982-11-04,9.0,26.7,17.8,16.5,20.9,13.0,2.00,3.00,20.0
UFGA,29.630,-82.370,10,1982-11-05,10.0,18.3,7.2,0.0,20.9,13.0,2.00,3.00,20.0
UFGA,29.630,-82.370,10,1982-11-06,12.0,18.9,2.2,0.0,20.9,13.0,2.00,3.00,25.0
UFGA,29.630,-82.370,10,1982-11-07,12.0,21.1,7.8,0.0,20.9,13.0,2.00,3.00,26.0
UFGA,29.630,-82.370,10,1982-11-08,13.0,24.4,12.8,0.0,20.9,13.0,2.00,3.00,26.0
UFGA,29.630,-82.370,10,1982-11-09,11.0,25.0,12.8,0.0,20.9,13.0,2.00,3.00,23.0
UFGA,29.630,-82.370,10,1982-11-10,12.0,25.6,10.6,0.0,20.9,13.0,2.00,3.00,24.0
UFGA,29.630,-82.370,10,1982-11-11,8.0,26.7,15.6,0.0,20.9,13.0,2.00,3.00,16.0
UFGA,29.630,-82.370,10,1982-11-12,7.0,27.8,14.4,0.0,20.9,13.0,2.00,3.00,15.0
UFGA,29.630,-82.370,10,1982-11-13,11.0,31.1,13.3,3.6,20.9,13.0,2.00,3.00,24.0
UFGA,29.630,-82.370,10,1982-11-14,12.0,25.0,6.7,0.0,20.9,13.0,2.00,3.00,24.0
UFGA,29.630,-82.370,10,1982-11-15,10.0,23.9,15.0,0.0,20.9,13.0,2.00,3.00,21.0
UFGA,29.630,-82.370,10,1982-11-16,11.0,23.9,9.4,0.0,20.9,13.0,2.00,3.00,22.0
UFGA,29.630,-82.370,10,1982-11-17,13.0,26.7,15.6,0.0,20.9,13.0,2.00,3.00,26.0
UFGA,29.630,-82.370,10,1982-11-18,13.0,28.3,17.8,0.0,20.9,13.0,2.00,3.00,27.0
UFGA,29.630,-82.370,10,1982-11-19,11.0,26.7,17.8,0.0,20.9,13.0,2.00,3.00,23.0
UFGA,29.630,-82.370,10,1982-11-20,12.0,25.6,17.2,0.0,20.9,13.0,2.00,3.00,25.0
UFGA,29.630,-82.370,10,1982-11-21,14.0,27.2,17.2,0.0,20.9,13.0,2.00,3.00,30.0
UFGA,29.630,-82.370,10,1982-11-22,13.0,26.1,18.3,0.0,20.9,13.0,2.00,3.00,27.0
UFGA,29.630,-82.370,10,1982-11-23,13.0,27.2,14.4,0.0,20.9,13.0,2.00,3.00,28.0
UFGA,29.630,-82.370,10,1982-11-24,13.0,27.8,12.2,0.0,20.9,13.0,2.00,3.00,27.0
UFGA,29.630,-82.370,10,1982-11-25,15.0,27.2,12.8,0.0,20.9,13.0,2.00,3.00,31.0
UFGA,29.630,-82.370,10,1982-11-26,12.0,26.7,15.6,0.0,20.9,13.0,2.00,3.00,25.0
UFGA,29.630,-82.370,10,1982-11-27,3.0,27.8,15.6,0.0,20.9,13.0,2.00,3.00,7.0
UFGA,29.630,-82.370,10,1982-11-28,10.0,28.9,15.6,0.0,20.9,13.0,2.00,3.00,21.0
UFGA,29.630,-82.370,10,1982-11-29,10.0,27.2,18.9,0.0,20.9,13.0,2.00,3.00,21.0
UFGA,29.630,-82.370,10,1982-11-30,9.0,29.4,19.4,0.0,20.9,13.0,2.00,3.00,27.0
UFGA,29.630,-82.370,10,1982-12-01,8.0,28.9,20.6,0.0,20.9,13.0,2.00,3.00,20.0
UFGA,29.630,-82.370,10,1982-12-02,10.0,29.4,21.1,0.0,20.9,13.0,2.00,3.00,25.0
UFGA,29.630,-82.370,10,1982-12-03,11.0,29.4,18.9,0.0,20.9,13.0,2.00,3.00,26.0
UFGA,29.630,-82.370,10,1982-12-04,11.0,28.9,18.3,0.0,20.9,13.0,2.00,3.00,26.0
UFGA,29.630,-82.370,10,1982-12-05,8.0,28.9,17.2,0.0,20.9,13.0,2.00,3.00,20.0
UFGA,29.630,-82.370,10,1982-12-06,2.0,27.2,15.6,0.0,20.9,13.0,2.00,3.00,6.0
UFGA,29.630,-82.370,10,1982-12-07,5.0,21.7,14.4,0.0,20.9,13.0,2.00,3.00,13.0
UFGA,29.630,-82.370,10,1982-12-08,2.0,20.0,17.2,0.0,20.9,13.0,2.00,3.00,6.0
UFGA,29.630,-82.370,10,1982-12-09,7.0,23.3,14.4,0.0,20.9,13.0,2.00,3.00,17.0
UFGA,29.630,-82.370,10,1982-12-10,2.0,22.2,15.6,3.3,20.9,13.0,2.00,3.00,6.0
UFGA,29.630,-82.370,10,1982-12-11,5.0,26.1,17.2,0.0,20.9,13.0,2.00,3.00,14.0
UFGA,29.630,-82.370,10,1982-12-12,2.0,23.9,10.0,19.0,20.9,13.0,2.00,3.00,5.0
UFGA,29.630,-82.370,10,1982-12-13,11.0,12.8,2.8,0.0,20.9,13.0,2.00,3.00,25.0
UFGA,29.630,-82.370,10,1982-12-14,6.0,18.9,3.3,0.0,20.9,13.0,2.00,3.00,16.0
UFGA,29.630,-82.370,10,1982-12-15,8.0,25.0,12.8,0.0,20.9,13.0,2.00,3.00,20.0
UFGA,29.630,-82.370,10,1982-12-16,6.0,23.9,15.6,13.7,20.9,13.0,2.00,3.00,15.0
UFGA,29.630,-82.370,10,1982-12-17,11.0,20.0,2.8,0.0,20.9,13.0,2.00,3.00,25.0
UFGA,29.630,-82.370,10,1982-12-18,11.0,15.6,-1.1,0.0,20.9,13.0,2.00,3.00,26.0
UFGA,29.630,-82.370,10,1982-12-19,9.0,20.0,-1.1,0.0,20.9,13.0,2.00,3.00,21.0
UFGA,29.630,-82.370,10,1982-12-20,11.0,18.9,1.1,0.0,20.9,13.0,2.00,3.00,26.0
UFGA,29.630,-82.370,10,1982-12-21,11.0,19.4,0.6,0.0,20.9,13.0,2.00,3.00,26.0
UFGA,29.630,-82.370,10,1982-12-22,11.0,19.4,0.6,0.0,20.9,13.0,2.00,3.00,26.0
UFGA,29.630,-82.370,10,1982-12-23,9.0,23.3,4.4,0.0,20.9,13.0,2.00,3.00,22.0
UFGA,29.630,-82.370,10,1982-12-24,9.0,26.7,13.3,0.0,20.9,13.0,2.00,3.00,23.0
UFGA,29.630,-82.370,10,1982-12-25,11.0,27.2,15.6,0.0,20.9,13.0,2.00,3.00,27.0
UFGA,29.630,-82.370,10,1982-12-26,10.0,27.2,15.6,0.0,20.9,13.0,2.00,3.00,24.0
UFGA,29.630,-82.370,10,1982-12-27,6.0,25.0,16.7,0.0,20.9,13.0,2.00,3.00,14.0
UFGA,29.630,-82.370,10,1982-12-28,8.0,26.7,16.1,0.0,20.9,13.0,2.00,3.00,21.0
UFGA,29.630,-82.370,10,1982-12-29,7.0,26.7,14.4,0.0,20.9,13.0,2.00,3.00,17.0
UFGA,29.630,-82.370,10,1982-12-30,2.0,23.3,13.9,0.5,20.9,13.0,2.00,3.00,6.0
UFGA,29.630,-82.370,10,1982-12-31,2.0,16.7,12.8,0.8,20.9,13.0,2.00,3.00,5.0
