station,latitude,longitude,elevation,date,srad,tmax,tmin,rain
UFGA,31.11,30.94,6,2020-01-01,6.75,19.0,9.17,0.05
UFGA,31.11,30.94,6,2020-01-02,7.51,18.65,7.46,0.89
UFGA,31.11,30.94,6,2020-01-03,8.18,16.06,6.99,2.42
UFGA,31.11,30.94,6,2020-01-04,8.93,17.18,10.75,4.12
UFGA,31.11,30.94,6,2020-01-05,10.21,19.12,8.18,0.05
UFGA,31.11,30.94,6,2020-01-06,9.61,18.99,7.49,0.45
UFGA,31.11,30.94,6,2020-01-07,8.78,16.18,7.55,1.19
UFGA,31.11,30.94,6,2020-01-08,7.8,16.24,7.28,3.97
UFGA,31.11,30.94,6,2020-01-09,8.01,14.4,8.55,11.65
UFGA,31.11,30.94,6,2020-01-10,8.65,16.92,8.17,1.35
UFGA,31.11,30.94,6,2020-01-11,11.12,19.07,9.05,0.0
UFGA,31.11,30.94,6,2020-01-12,11.38,19.95,9.83,0.03
UFGA,31.11,30.94,6,2020-01-13,12.02,20.14,7.97,0.01
UFGA,31.11,30.94,6,2020-01-14,9.77,20.14,10.55,0.46
UFGA,31.11,30.94,6,2020-01-15,5.83,20.99,12.12,0.33
UFGA,31.11,30.94,6,2020-01-16,10.28,20.27,12.45,0.04
UFGA,31.11,30.94,6,2020-01-17,7.22,18.83,11.01,3.27
UFGA,31.11,30.94,6,2020-01-18,8.02,16.6,10.64,5.74
UFGA,31.11,30.94,6,2020-01-19,9.07,16.4,10.67,1.39
UFGA,31.11,30.94,6,2020-01-20,10.17,18.48,10.78,0.11
UFGA,31.11,30.94,6,2020-01-21,10.19,16.45,9.25,0.47
UFGA,31.11,30.94,6,2020-01-22,12.54,17.96,8.75,0.31
UFGA,31.11,30.94,6,2020-01-23,11.57,18.1,7.13,0.3
UFGA,31.11,30.94,6,2020-01-24,12.52,16.68,7.19,0.26
UFGA,31.11,30.94,6,2020-01-25,12.24,18.14,7.24,0.0
UFGA,31.11,30.94,6,2020-01-26,11.62,18.33,7.0,0.0
UFGA,31.11,30.94,6,2020-01-27,11.47,18.48,7.37,0.0
UFGA,31.11,30.94,6,2020-01-28,13.33,19.6,9.43,0.04
UFGA,31.11,30.94,6,2020-01-29,13.86,21.13,8.52,0.07
UFGA,31.11,30.94,6,2020-01-30,13.51,20.26,6.87,0.01
UFGA,31.11,30.94,6,2020-01-31,15.73,19.97,7.39,0.01
UFGA,31.11,30.94,6,2020-02-01,13.15,20.16,6.7,0.0
UFGA,31.11,30.94,6,2020-02-02,11.53,20.82,10.45,0.0
UFGA,31.11,30.94,6,2020-02-03,14.77,20.64,10.19,0.0
UFGA,31.11,30.94,6,2020-02-04,11.88,21.53,8.81,0.0
UFGA,31.11,30.94,6,2020-02-05,15.15,22.69,7.61,0.01
UFGA,31.11,30.94,6,2020-02-06,14.37,21.67,8.96,0.0
UFGA,31.11,30.94,6,2020-02-07,10.73,18.44,6.88,1.33
UFGA,31.11,30.94,6,2020-02-08,12.24,16.64,8.74,1.47
UFGA,31.11,30.94,6,2020-02-09,11.0,16.73,7.36,0.69
UFGA,31.11,30.94,6,2020-02-10,9.77,16.42,8.48,0.17
UFGA,31.11,30.94,6,2020-02-11,8.53,17.92,7.9,0.17
UFGA,31.11,30.94,6,2020-02-12,16.16,22.77,8.73,0.0
UFGA,31.11,30.94,6,2020-02-13,16.66,24.51,7.75,0.0
UFGA,31.11,30.94,6,2020-02-14,6.32,19.75,10.03,0.05
UFGA,31.11,30.94,6,2020-02-15,15.69,23.99,9.63,0.26
UFGA,31.11,30.94,6,2020-02-16,14.74,21.27,10.24,0.78
UFGA,31.11,30.94,6,2020-02-17,16.52,20.58,10.26,0.2
UFGA,31.11,30.94,6,2020-02-18,6.31,18.81,9.64,1.18
UFGA,31.11,30.94,6,2020-02-19,15.2,18.83,8.5,1.05
UFGA,31.11,30.94,6,2020-02-20,13.04,21.41,7.28,0.0
UFGA,31.11,30.94,6,2020-02-21,12.75,20.63,7.83,0.35
UFGA,31.11,30.94,6,2020-02-22,10.94,19.28,8.94,0.22
UFGA,31.11,30.94,6,2020-02-23,8.1,19.52,8.3,3.65
UFGA,31.11,30.94,6,2020-02-24,15.46,16.06,8.4,5.57
UFGA,31.11,30.94,6,2020-02-25,17.18,21.19,8.19,0.09
UFGA,31.11,30.94,6,2020-02-26,16.37,23.68,7.4,0.02
UFGA,31.11,30.94,6,2020-02-27,16.86,25.84,9.29,0.0
UFGA,31.11,30.94,6,2020-02-28,18.66,27.33,11.83,0.0
UFGA,31.11,30.94,6,2020-02-29,15.82,21.36,9.75,0.04
UFGA,31.11,30.94,6,2020-03-01,14.56,21.75,10.59,0.0
UFGA,31.11,30.94,6,2020-03-02,18.77,22.59,9.46,0.02
UFGA,31.11,30.94,6,2020-03-03,20.79,23.92,7.41,0.02
UFGA,31.11,30.94,6,2020-03-04,17.76,28.62,7.91,0.06
UFGA,31.11,30.94,6,2020-03-05,17.85,28.43,10.68,0.0
UFGA,31.11,30.94,6,2020-03-06,12.12,21.35,11.23,2.77
UFGA,31.11,30.94,6,2020-03-07,21.15,25.27,10.26,0.01
UFGA,31.11,30.94,6,2020-03-08,21.79,26.48,9.87,1.48
UFGA,31.11,30.94,6,2020-03-09,19.02,30.4,10.98,1.19
UFGA,31.11,30.94,6,2020-03-10,20.26,23.32,9.24,0.15
UFGA,31.11,30.94,6,2020-03-11,16.67,24.07,10.61,3.33
UFGA,31.11,30.94,6,2020-03-12,2.07,19.17,13.78,64.57
UFGA,31.11,30.94,6,2020-03-13,13.68,20.55,11.89,8.95
UFGA,31.11,30.94,6,2020-03-14,20.08,24.23,13.06,0.56
UFGA,31.11,30.94,6,2020-03-15,20.79,26.44,10.04,0.06
UFGA,31.11,30.94,6,2020-03-16,21.13,27.02,11.15,0.01
UFGA,31.11,30.94,6,2020-03-17,12.52,20.05,10.68,0.41
UFGA,31.11,30.94,6,2020-03-18,19.12,20.71,8.47,0.0
UFGA,31.11,30.94,6,2020-03-19,18.05,18.84,9.14,0.0
UFGA,31.11,30.94,6,2020-03-20,15.65,17.43,9.02,0.87
UFGA,31.11,30.94,6,2020-03-21,22.5,18.78,8.96,0.09
UFGA,31.11,30.94,6,2020-03-22,22.7,22.68,5.91,0.02
UFGA,31.11,30.94,6,2020-03-23,19.41,28.66,9.93,0.0
UFGA,31.11,30.94,6,2020-03-24,20.81,25.23,9.55,0.01
UFGA,31.11,30.94,6,2020-03-25,21.49,24.89,9.64,0.02
UFGA,31.11,30.94,6,2020-03-26,11.93,26.67,12.67,0.28
UFGA,31.11,30.94,6,2020-03-27,19.02,26.55,12.07,0.0
UFGA,31.11,30.94,6,2020-03-28,24.01,24.01,10.76,0.0
UFGA,31.11,30.94,6,2020-03-29,23.93,27.45,8.58,0.0
UFGA,31.11,30.94,6,2020-03-30,18.0,30.34,10.88,0.0
UFGA,31.11,30.94,6,2020-03-31,22.25,27.77,14.01,0.0
UFGA,31.11,30.94,6,2020-04-01,23.19,25.31,12.61,0.0
UFGA,31.11,30.94,6,2020-04-02,23.23,25.63,10.75,0.0
UFGA,31.11,30.94,6,2020-04-03,23.24,29.82,10.91,0.0
UFGA,31.11,30.94,6,2020-04-04,22.16,32.72,13.64,0.0
UFGA,31.11,30.94,6,2020-04-05,20.56,26.74,14.36,0.0
UFGA,31.11,30.94,6,2020-04-06,22.35,26.05,12.66,0.01
UFGA,31.11,30.94,6,2020-04-07,23.91,24.08,10.96,0.0
UFGA,31.11,30.94,6,2020-04-08,23.2,23.6,12.38,0.03
UFGA,31.11,30.94,6,2020-04-09,22.58,22.51,12.04,0.12
UFGA,31.11,30.94,6,2020-04-10,20.62,22.59,11.21,0.15
UFGA,31.11,30.94,6,2020-04-11,24.72,24.83,11.64,0.0
UFGA,31.11,30.94,6,2020-04-12,25.47,26.68,12.3,0.0
UFGA,31.11,30.94,6,2020-04-13,24.09,27.13,10.66,0.0
UFGA,31.11,30.94,6,2020-04-14,26.99,26.62,10.23,0.0
UFGA,31.11,30.94,6,2020-04-15,22.38,29.02,10.1,0.0
UFGA,31.11,30.94,6,2020-04-16,21.49,26.53,13.44,0.0
UFGA,31.11,30.94,6,2020-04-17,24.9,27.06,13.89,0.0
UFGA,31.11,30.94,6,2020-04-18,25.77,28.79,13.45,0.0
UFGA,31.11,30.94,6,2020-04-19,26.86,28.78,13.31,0.0
UFGA,31.11,30.94,6,2020-04-20,25.81,30.22,12.14,0.0
UFGA,31.11,30.94,6,2020-04-21,25.28,34.14,13.81,0.0
UFGA,31.11,30.94,6,2020-04-22,24.51,34.87,16.24,17.07
UFGA,31.11,30.94,6,2020-04-23,25.44,27.42,13.96,26.13
UFGA,31.11,30.94,6,2020-04-24,20.08,29.83,14.49,21.47
UFGA,31.11,30.94,6,2020-04-25,23.22,22.52,14.13,45.99
UFGA,31.11,30.94,6,2020-04-26,26.8,24.4,13.26,4.36
UFGA,31.11,30.94,6,2020-04-27,12.13,22.25,12.17,0.0
UFGA,31.11,30.94,6,2020-04-28,27.26,26.96,12.65,0.0
UFGA,31.11,30.94,6,2020-04-29,27.32,25.6,11.45,0.0
UFGA,31.11,30.94,6,2020-04-30,25.92,29.02,12.27,0.0
UFGA,31.11,30.94,6,2020-05-01,26.55,29.83,14.8,0.0
UFGA,31.11,30.94,6,2020-05-02,25.92,28.12,12.68,0.0
UFGA,31.11,30.94,6,2020-05-03,27.11,29.33,12.34,0.0
UFGA,31.11,30.94,6,2020-05-04,26.64,30.69,13.12,0.0
UFGA,31.11,30.94,6,2020-05-05,24.5,24.19,15.63,0.0
UFGA,31.11,30.94,6,2020-05-06,27.23,27.25,14.29,0.0
UFGA,31.11,30.94,6,2020-05-07,27.5,31.18,11.12,0.0
UFGA,31.11,30.94,6,2020-05-08,16.02,33.99,14.01,0.03
UFGA,31.11,30.94,6,2020-05-09,27.11,29.21,15.28,0.1
UFGA,31.11,30.94,6,2020-05-10,28.74,29.11,12.78,0.0
UFGA,31.11,30.94,6,2020-05-11,23.54,31.82,13.03,0.0
UFGA,31.11,30.94,6,2020-05-12,27.72,34.67,14.31,0.0
UFGA,31.11,30.94,6,2020-05-13,21.88,31.77,15.06,0.0
UFGA,31.11,30.94,6,2020-05-14,27.32,35.88,15.73,0.0
UFGA,31.11,30.94,6,2020-05-15,26.96,36.34,17.97,0.0
UFGA,31.11,30.94,6,2020-05-16,27.63,37.36,18.85,0.0
UFGA,31.11,30.94,6,2020-05-17,27.82,39.32,19.82,0.0
UFGA,31.11,30.94,6,2020-05-18,27.34,39.73,18.99,0.0
UFGA,31.11,30.94,6,2020-05-19,27.86,42.04,19.1,0.0
UFGA,31.11,30.94,6,2020-05-20,27.96,42.0,19.94,0.0
UFGA,31.11,30.94,6,2020-05-21,21.23,42.18,19.47,0.0
UFGA,31.11,30.94,6,2020-05-22,27.55,32.65,20.55,0.0
UFGA,31.11,30.94,6,2020-05-23,28.45,29.75,18.01,0.0
UFGA,31.11,30.94,6,2020-05-24,28.74,27.19,15.98,0.0
UFGA,31.11,30.94,6,2020-05-25,29.57,31.37,14.24,0.0
UFGA,31.11,30.94,6,2020-05-26,27.96,34.2,14.98,0.0
UFGA,31.11,30.94,6,2020-05-27,27.4,32.21,15.61,0.0
UFGA,31.11,30.94,6,2020-05-28,28.81,30.85,15.49,0.0
UFGA,31.11,30.94,6,2020-05-29,29.55,28.89,15.0,0.0
UFGA,31.11,30.94,6,2020-05-30,29.45,29.5,14.68,0.0
UFGA,31.11,30.94,6,2020-05-31,28.98,31.93,13.93,0.0
UFGA,31.11,30.94,6,2020-06-01,26.14,36.72,15.95,0.01
UFGA,31.11,30.94,6,2020-06-02,27.7,31.31,17.97,0.0
UFGA,31.11,30.94,6,2020-06-03,28.31,32.35,16.39,0.0
UFGA,31.11,30.94,6,2020-06-04,28.98,33.54,17.52,0.0
UFGA,31.11,30.94,6,2020-06-05,30.05,32.71,16.31,0.0
UFGA,31.11,30.94,6,2020-06-06,28.55,37.83,15.47,0.0
UFGA,31.11,30.94,6,2020-06-07,27.52,41.72,18.14,0.0
UFGA,31.11,30.94,6,2020-06-08,29.2,33.9,19.15,0.0
UFGA,31.11,30.94,6,2020-06-09,27.42,35.34,17.39,0.0
UFGA,31.11,30.94,6,2020-06-10,27.72,40.11,18.59,0.0
UFGA,31.11,30.94,6,2020-06-11,28.35,36.06,19.04,0.0
UFGA,31.11,30.94,6,2020-06-12,27.01,39.27,20.06,0.0
UFGA,31.11,30.94,6,2020-06-13,29.33,37.16,21.09,0.0
UFGA,31.11,30.94,6,2020-06-14,29.46,34.3,18.39,0.0
UFGA,31.11,30.94,6,2020-06-15,29.63,34.95,18.29,0.0
UFGA,31.11,30.94,6,2020-06-16,28.06,40.2,19.01,0.0
UFGA,31.11,30.94,6,2020-06-17,27.78,43.13,21.73,0.0
UFGA,31.11,30.94,6,2020-06-18,28.75,34.53,20.7,0.0
UFGA,31.11,30.94,6,2020-06-19,29.54,34.46,19.77,0.0
UFGA,31.11,30.94,6,2020-06-20,28.82,35.6,20.66,0.04
UFGA,31.11,30.94,6,2020-06-21,27.29,43.47,19.45,0.0
UFGA,31.11,30.94,6,2020-06-22,29.63,37.43,21.0,0.0
UFGA,31.11,30.94,6,2020-06-23,29.33,38.44,19.72,0.0
UFGA,31.11,30.94,6,2020-06-24,29.26,36.01,20.48,0.0
UFGA,31.11,30.94,6,2020-06-25,28.83,35.28,19.8,0.0
UFGA,31.11,30.94,6,2020-06-26,28.5,37.0,20.88,0.0
UFGA,31.11,30.94,6,2020-06-27,24.98,39.14,20.33,0.0
UFGA,31.11,30.94,6,2020-06-28,28.72,38.28,21.08,0.0
UFGA,31.11,30.94,6,2020-06-29,29.77,38.33,20.88,0.0
UFGA,31.11,30.94,6,2020-06-30,30.11,37.27,19.51,0.0
UFGA,31.11,30.94,6,2020-07-01,29.48,40.66,19.38,0.0
UFGA,31.11,30.94,6,2020-07-02,28.55,40.43,21.51,0.0
UFGA,31.11,30.94,6,2020-07-03,29.06,40.98,21.12,0.0
UFGA,31.11,30.94,6,2020-07-04,28.53,40.34,21.86,0.0
UFGA,31.11,30.94,6,2020-07-05,29.35,39.5,21.49,0.0
UFGA,31.11,30.94,6,2020-07-06,29.36,39.22,22.39,0.0
UFGA,31.11,30.94,6,2020-07-07,28.29,41.2,22.6,0.0
UFGA,31.11,30.94,6,2020-07-08,27.18,37.48,23.4,0.0
UFGA,31.11,30.94,6,2020-07-09,24.65,35.91,23.42,0.0
UFGA,31.11,30.94,6,2020-07-10,25.81,38.75,23.05,0.0
UFGA,31.11,30.94,6,2020-07-11,28.36,39.6,22.86,0.0
UFGA,31.11,30.94,6,2020-07-12,27.96,38.01,21.81,0.0
UFGA,31.11,30.94,6,2020-07-13,28.87,38.04,21.96,0.0
UFGA,31.11,30.94,6,2020-07-14,28.71,40.64,21.09,0.0
UFGA,31.11,30.94,6,2020-07-15,25.9,39.86,22.42,0.0
UFGA,31.11,30.94,6,2020-07-16,29.04,35.56,20.9,0.0
UFGA,31.11,30.94,6,2020-07-17,28.28,36.01,20.78,0.0
UFGA,31.11,30.94,6,2020-07-18,28.3,36.6,20.27,0.0
UFGA,31.11,30.94,6,2020-07-19,28.59,38.8,20.46,0.0
UFGA,31.11,30.94,6,2020-07-20,28.12,39.43,21.36,0.0
UFGA,31.11,30.94,6,2020-07-21,28.59,37.5,21.52,0.0
UFGA,31.11,30.94,6,2020-07-22,26.21,38.62,21.78,0.0
UFGA,31.11,30.94,6,2020-07-23,26.81,39.71,22.56,0.0
UFGA,31.11,30.94,6,2020-07-24,28.04,39.47,21.5,0.0
UFGA,31.11,30.94,6,2020-07-25,28.71,39.85,21.14,0.0
UFGA,31.11,30.94,6,2020-07-26,28.02,39.62,21.32,0.0
UFGA,31.11,30.94,6,2020-07-27,26.96,38.57,21.11,0.0
UFGA,31.11,30.94,6,2020-07-28,27.32,38.75,22.0,0.0
UFGA,31.11,30.94,6,2020-07-29,26.28,39.93,22.32,0.0
UFGA,31.11,30.94,6,2020-07-30,26.49,40.53,22.98,0.0
UFGA,31.11,30.94,6,2020-07-31,26.25,41.25,23.14,0.0
UFGA,31.11,30.94,6,2020-08-01,27.96,39.25,22.99,0.0
UFGA,31.11,30.94,6,2020-08-02,27.47,40.51,20.66,0.0
UFGA,31.11,30.94,6,2020-08-03,26.57,40.4,23.94,0.0
UFGA,31.11,30.94,6,2020-08-04,27.45,38.89,23.06,0.0
UFGA,31.11,30.94,6,2020-08-05,27.15,38.36,21.91,0.0
UFGA,31.11,30.94,6,2020-08-06,26.64,40.74,21.62,0.0
UFGA,31.11,30.94,6,2020-08-07,26.72,42.59,22.57,0.0
UFGA,31.11,30.94,6,2020-08-08,26.51,40.18,23.85,0.0
UFGA,31.11,30.94,6,2020-08-09,25.79,37.55,22.9,0.0
UFGA,31.11,30.94,6,2020-08-10,25.65,37.81,23.14,0.0
UFGA,31.11,30.94,6,2020-08-11,24.91,36.79,23.24,0.0
UFGA,31.11,30.94,6,2020-08-12,25.56,37.37,23.01,0.0
UFGA,31.11,30.94,6,2020-08-13,25.51,39.06,22.62,0.0
UFGA,31.11,30.94,6,2020-08-14,26.19,40.22,22.44,0.0
UFGA,31.11,30.94,6,2020-08-15,25.64,40.34,22.64,0.0
UFGA,31.11,30.94,6,2020-08-16,26.16,40.81,22.64,0.0
UFGA,31.11,30.94,6,2020-08-17,26.78,39.69,21.99,0.0
UFGA,31.11,30.94,6,2020-08-18,25.88,38.01,22.88,0.0
UFGA,31.11,30.94,6,2020-08-19,25.98,37.26,21.54,0.0
UFGA,31.11,30.94,6,2020-08-20,26.19,38.34,21.06,0.0
UFGA,31.11,30.94,6,2020-08-21,25.98,37.41,21.75,0.0
UFGA,31.11,30.94,6,2020-08-22,24.91,38.27,22.63,0.0
UFGA,31.11,30.94,6,2020-08-23,25.87,39.09,22.01,0.0
UFGA,31.11,30.94,6,2020-08-24,25.88,40.52,22.01,0.0
UFGA,31.11,30.94,6,2020-08-25,25.69,40.03,22.55,0.0
UFGA,31.11,30.94,6,2020-08-26,25.52,39.02,22.1,0.0
UFGA,31.11,30.94,6,2020-08-27,23.74,36.72,20.92,0.0
UFGA,31.11,30.94,6,2020-08-28,24.28,38.91,22.96,0.0
UFGA,31.11,30.94,6,2020-08-29,24.0,39.23,22.55,0.0
UFGA,31.11,30.94,6,2020-08-30,23.26,41.73,22.79,0.0
UFGA,31.11,30.94,6,2020-08-31,24.04,40.04,22.99,0.0
UFGA,31.11,30.94,6,2020-09-01,24.89,39.66,22.66,0.0
UFGA,31.11,30.94,6,2020-09-02,24.32,40.14,20.8,0.0
UFGA,31.11,30.94,6,2020-09-03,23.67,39.54,22.06,0.0
UFGA,31.11,30.94,6,2020-09-04,21.82,41.93,23.76,0.0
UFGA,31.11,30.94,6,2020-09-05,22.58,39.86,23.32,0.0
UFGA,31.11,30.94,6,2020-09-06,21.89,38.59,23.0,0.0
UFGA,31.11,30.94,6,2020-09-07,20.91,38.42,23.38,0.0
UFGA,31.11,30.94,6,2020-09-08,22.65,38.52,23.56,0.0
UFGA,31.11,30.94,6,2020-09-09,22.26,38.54,22.24,0.0
UFGA,31.11,30.94,6,2020-09-10,21.57,39.85,22.57,0.0
UFGA,31.11,30.94,6,2020-09-11,21.84,38.62,21.74,0.0
UFGA,31.11,30.94,6,2020-09-12,22.7,39.27,22.63,0.0
UFGA,31.11,30.94,6,2020-09-13,22.1,38.94,22.43,0.0
UFGA,31.11,30.94,6,2020-09-14,22.02,37.3,22.27,0.0
UFGA,31.11,30.94,6,2020-09-15,22.51,37.64,22.02,0.0
UFGA,31.11,30.94,6,2020-09-16,21.83,38.31,21.17,0.0
UFGA,31.11,30.94,6,2020-09-17,22.04,39.63,22.2,0.0
UFGA,31.11,30.94,6,2020-09-18,21.28,39.76,22.54,0.0
UFGA,31.11,30.94,6,2020-09-19,21.2,38.07,23.42,0.0
UFGA,31.11,30.94,6,2020-09-20,21.15,36.69,22.93,0.0
UFGA,31.11,30.94,6,2020-09-21,20.97,37.64,22.21,0.0
UFGA,31.11,30.94,6,2020-09-22,19.61,35.79,23.32,0.0
UFGA,31.11,30.94,6,2020-09-23,19.98,34.74,22.78,0.0
UFGA,31.11,30.94,6,2020-09-24,21.06,35.3,22.13,0.0
UFGA,31.11,30.94,6,2020-09-25,19.84,36.86,21.65,0.0
UFGA,31.11,30.94,6,2020-09-26,20.89,36.16,21.42,0.0
UFGA,31.11,30.94,6,2020-09-27,20.22,38.42,20.95,0.0
UFGA,31.11,30.94,6,2020-09-28,20.28,39.66,23.24,0.0
UFGA,31.11,30.94,6,2020-09-29,20.02,41.18,22.71,0.0
UFGA,31.11,30.94,6,2020-09-30,19.83,39.43,22.4,0.0
UFGA,31.11,30.94,6,2020-10-01,20.08,35.95,22.23,0.0
UFGA,31.11,30.94,6,2020-10-02,19.15,34.5,21.59,0.0
UFGA,31.11,30.94,6,2020-10-03,19.08,34.24,20.73,0.0
UFGA,31.11,30.94,6,2020-10-04,19.79,34.82,21.29,0.0
UFGA,31.11,30.94,6,2020-10-05,19.34,35.94,21.15,0.0
UFGA,31.11,30.94,6,2020-10-06,19.36,37.16,19.98,0.0
UFGA,31.11,30.94,6,2020-10-07,19.37,39.22,20.93,0.0
UFGA,31.11,30.94,6,2020-10-08,19.67,39.89,20.33,0.0
UFGA,31.11,30.94,6,2020-10-09,18.79,37.56,21.53,0.0
UFGA,31.11,30.94,6,2020-10-10,18.39,34.64,21.9,0.0
UFGA,31.11,30.94,6,2020-10-11,18.61,33.33,21.09,0.0
UFGA,31.11,30.94,6,2020-10-12,16.31,33.09,20.56,0.0
UFGA,31.11,30.94,6,2020-10-13,18.26,33.94,20.68,0.0
UFGA,31.11,30.94,6,2020-10-14,18.21,34.83,19.41,0.0
UFGA,31.11,30.94,6,2020-10-15,16.08,33.64,21.22,0.0
UFGA,31.11,30.94,6,2020-10-16,18.17,32.51,19.17,0.0
UFGA,31.11,30.94,6,2020-10-17,17.87,32.76,17.9,0.0
UFGA,31.11,30.94,6,2020-10-18,17.62,34.69,18.04,0.0
UFGA,31.11,30.94,6,2020-10-19,17.07,35.41,18.58,0.02
UFGA,31.11,30.94,6,2020-10-20,16.83,34.87,21.05,0.11
UFGA,31.11,30.94,6,2020-10-21,14.41,33.15,20.62,0.19
UFGA,31.11,30.94,6,2020-10-22,13.26,33.0,20.68,0.07
UFGA,31.11,30.94,6,2020-10-23,14.99,34.59,21.06,0.05
UFGA,31.11,30.94,6,2020-10-24,13.36,32.01,20.69,0.44
UFGA,31.11,30.94,6,2020-10-25,15.64,32.02,19.47,0.02
UFGA,31.11,30.94,6,2020-10-26,15.09,33.17,20.13,0.01
UFGA,31.11,30.94,6,2020-10-27,14.69,31.89,20.52,0.03
UFGA,31.11,30.94,6,2020-10-28,14.62,30.9,19.02,0.0
UFGA,31.11,30.94,6,2020-10-29,16.11,32.79,19.07,0.0
UFGA,31.11,30.94,6,2020-10-30,13.81,31.69,20.83,0.01
UFGA,31.11,30.94,6,2020-10-31,13.83,29.91,20.0,0.09
UFGA,31.11,30.94,6,2020-11-01,14.57,29.19,19.47,0.11
UFGA,31.11,30.94,6,2020-11-02,14.16,29.1,17.95,0.08
UFGA,31.11,30.94,6,2020-11-03,13.52,28.48,17.28,0.05
UFGA,31.11,30.94,6,2020-11-04,10.66,28.17,18.39,1.22
UFGA,31.11,30.94,6,2020-11-05,13.84,26.77,18.39,0.34
UFGA,31.11,30.94,6,2020-11-06,11.26,26.52,17.7,3.9
UFGA,31.11,30.94,6,2020-11-07,9.8,26.18,16.46,1.92
UFGA,31.11,30.94,6,2020-11-08,11.37,27.09,16.19,0.73
UFGA,31.11,30.94,6,2020-11-09,13.59,27.67,15.4,0.25
UFGA,31.11,30.94,6,2020-11-10,11.62,27.39,16.17,0.16
UFGA,31.11,30.94,6,2020-11-11,12.7,27.09,14.08,0.06
UFGA,31.11,30.94,6,2020-11-12,12.85,27.63,15.87,0.28
UFGA,31.11,30.94,6,2020-11-13,13.53,28.59,16.98,0.04
UFGA,31.11,30.94,6,2020-11-14,8.33,26.33,17.07,3.39
UFGA,31.11,30.94,6,2020-11-15,11.97,24.13,15.52,0.15
UFGA,31.11,30.94,6,2020-11-16,11.95,25.46,15.76,0.39
UFGA,31.11,30.94,6,2020-11-17,12.58,25.9,14.16,0.03
UFGA,31.11,30.94,6,2020-11-18,12.98,26.67,14.83,0.01
UFGA,31.11,30.94,6,2020-11-19,11.62,26.03,15.44,0.05
UFGA,31.11,30.94,6,2020-11-20,7.7,21.75,13.75,7.03
UFGA,31.11,30.94,6,2020-11-21,11.88,22.43,12.32,1.98
UFGA,31.11,30.94,6,2020-11-22,12.33,24.98,14.31,0.03
UFGA,31.11,30.94,6,2020-11-23,8.2,24.86,14.7,0.05
UFGA,31.11,30.94,6,2020-11-24,10.84,24.37,16.34,0.02
UFGA,31.11,30.94,6,2020-11-25,7.24,19.86,15.2,4.57
UFGA,31.11,30.94,6,2020-11-26,10.25,22.0,15.14,0.8
UFGA,31.11,30.94,6,2020-11-27,7.38,22.6,14.31,0.04
UFGA,31.11,30.94,6,2020-11-28,12.12,22.39,11.96,0.0
UFGA,31.11,30.94,6,2020-11-29,12.38,23.02,12.45,0.0
UFGA,31.11,30.94,6,2020-11-30,12.62,23.76,12.04,0.0
UFGA,31.11,30.94,6,2020-12-01,12.04,24.31,8.97,0.0
UFGA,31.11,30.94,6,2020-12-02,12.56,23.04,10.81,0.01
UFGA,31.11,30.94,6,2020-12-03,12.19,24.47,11.44,0.0
UFGA,31.11,30.94,6,2020-12-04,9.83,23.3,10.69,0.0
UFGA,31.11,30.94,6,2020-12-05,10.41,22.68,11.0,0.05
UFGA,31.11,30.94,6,2020-12-06,12.93,23.69,10.08,0.0
UFGA,31.11,30.94,6,2020-12-07,11.09,26.55,11.74,0.0
UFGA,31.11,30.94,6,2020-12-08,12.02,24.47,12.98,0.0
UFGA,31.11,30.94,6,2020-12-09,12.85,23.55,12.35,0.0
UFGA,31.11,30.94,6,2020-12-10,12.75,23.39,10.02,0.0
UFGA,31.11,30.94,6,2020-12-11,11.92,25.14,9.65,0.0
UFGA,31.11,30.94,6,2020-12-12,11.26,23.04,10.0,0.0
UFGA,31.11,30.94,6,2020-12-13,7.01,26.73,12.04,0.0
UFGA,31.11,30.94,6,2020-12-14,10.17,21.87,13.81,0.01
UFGA,31.11,30.94,6,2020-12-15,6.95,20.71,11.97,0.64
UFGA,31.11,30.94,6,2020-12-16,9.97,21.91,13.37,0.67
UFGA,31.11,30.94,6,2020-12-17,10.94,22.98,12.96,0.03
UFGA,31.11,30.94,6,2020-12-18,11.28,23.03,12.57,0.01
UFGA,31.11,30.94,6,2020-12-19,9.08,22.92,12.14,0.03
UFGA,31.11,30.94,6,2020-12-20,9.7,22.35,11.77,0.02
UFGA,31.11,30.94,6,2020-12-21,11.86,23.91,11.69,0.01
UFGA,31.11,30.94,6,2020-12-22,10.61,22.49,13.04,0.0
UFGA,31.11,30.94,6,2020-12-23,8.25,21.56,13.12,0.0
UFGA,31.11,30.94,6,2020-12-24,9.25,21.38,12.66,0.0
UFGA,31.11,30.94,6,2020-12-25,11.26,22.62,12.81,0.0
UFGA,31.11,30.94,6,2020-12-26,11.54,24.21,12.0,0.0
UFGA,31.11,30.94,6,2020-12-27,11.74,26.41,13.55,0.0
UFGA,31.11,30.94,6,2020-12-28,10.26,24.76,10.13,0.0
UFGA,31.11,30.94,6,2020-12-29,11.9,23.75,10.41,0.0
UFGA,31.11,30.94,6,2020-12-30,11.56,23.3,11.5,0.0
UFGA,31.11,30.94,6,2020-12-31,12.2,22.9,11.95,0.0
